job_link,position,company name,job description,salary,workplace_type,skills,insights
https://www.linkedin.com/jobs/view/3585999180/?eBP=JOBS_BLENDING_SERVICE_FAILED&recommendedFlavor=SKILL_ASSESSMENTS&refId=ZzSEXZdug9mDeXJ7jCMsGA%3D%3D&trackingId=zPSLL%2BLMp4ZeRofV1AX7SQ%3D%3D&trk=flagship3_search_srp_jobs,Data Analyst,"KRUK Espa√±a, S.L.U.","About the job
Kruk Espa√±a S.L.U, we are a multinational company operating within the financial sector, with headquarters in Poland. In Spain we are specialized in debt recovery, helping our clients offering customized solutions for the resolution of their debt situation.
Now you could be part of KRUK working in our Operational Analysis Section like Data Analyst.
You will analyze and interpret business data using analytics tools to provide insights and insights to help operational area managers make data-based decisions, in order to help achieve the goals.


Main responsibilities:
‚Ä¢Responsible for extracting, grouping, sorting and classifying data in bulk.
‚Ä¢Prepare and interpret raw data using SQL.
‚Ä¢Prepare reports that helps to make strategics decisions.
‚Ä¢Participates in the preparation and analysis of case studies in order to quantify the financial impact of new initiatives for customers.
‚Ä¢Collaborate with international teams to implement assigned projects
‚Ä¢Compiles statistical analyses based on ""open source"" statistical tools (such as R / Python etc.)""

Position Requirements:

‚Ä¢Tools: experience with SQL, Excel expert, Tableau, statsistical tools -R or Python- good database management.
1-2 years of experiencie in a similar position.
‚Ä¢Knowledge of English - high level to collaborate with international teams.
‚Ä¢Ability to work independently and as a team.
‚Ä¢Analytical thinking

What can we offer you?
Flexible working hours
Teleworking
Social benefits, private health insurance, commuting benefit.
Flexible retribution","Benefits found in job post
Medical insurance",Hybrid,"Capacidad de an√°lisis, SQL, Python, Ingl√©s, Microsoft Excel, Tableau, and Bases de datos",Full-time ¬∑ Associate
https://www.linkedin.com/jobs/view/3574574884/?eBP=JOBS_BLENDING_SERVICE_FAILED&recommendedFlavor=IN_NETWORK&refId=ZzSEXZdug9mDeXJ7jCMsGA%3D%3D&trackingId=lOp2rnfIZDacnI6es%2Bbubg%3D%3D&trk=flagship3_search_srp_jobs,Jr Business Analyst (They/She/He),Glovo,"About the job
About Glovo

We‚Äôre a Barcelona-based startup and the fastest-growing delivery player in Europe, Africa, and Western Asia. With food at the core of the business, Glovo delivers any product within your city at any time of day.

At Glovo, you‚Äôll have the job of your life while working together towards our shared vision to give everyone easy access to anything in their city. We welcome top performers that will bring new ideas, diverse perspectives, and provide you the opportunities and freedom to grow and make a real impact on millions of lives‚Ä¶ all while having fun!

We believe that diversity adds incredible value to our teams, our products, and our culture. We know that the best ideas and solutions come by bringing together people from all over the world and by fostering a culture of inclusion where everyone feels heard and has the chance to make a real impact. It's because of this that we are committed to providing equal opportunities to talent from all backgrounds.

In your application, please feel free to note which pronouns you use (For example: she/her/hers, he/him/his, they/them/theirs, etc).

Your Work-life Opportunity

As a CRM Jr Business Analyst, your main responsibilities will include analyzing and interpreting data to inform strategic business decisions collaborating with various business areas to gather and document requirements and provide recommendations for solutions. You should have a strong understanding of CRM and be skilled in marketing, with the ability to analyze data sets to optimize sales-driven communications programs.

Be a Part Of a Team Where You Will
Be responsible for conducting A/B tests to gather insights on communications, segments, and triggers
Creating reports and presentations to communicate findings to stakeholders, such as management or other teams within the company
Analyzing customer data to identify patterns and trends, such as which products or services are most popular among different customer segments, or which customers are most likely to churn
Identifying areas where the CRM system or business processes can be improved to better engage and retain customers
You will need to identify and analyze high-value actions to increase customer value
Actively collaborate with your colleagues and learn from each other in a supportive environment that allows you to grow, develop and make a difference
You Have
1-2 years of experience in business analysis, preferably in a CRM environment
G-suite proficiency (sheets, slides) and strong Excel skills
Strong SQL skills - able to extract, manipulate, transform and analyze large volumes of data with a high level of accuracy
Strong analytical knowledge and experience with reporting, driving insights, and data-driven optimization
Strong drive for continuous improvement. Problem solving: You always find a way to get things done
Experience with visualization tools like Looker or Tableau is a plus
Good communication skills
English is a must
We are always looking for the best candidates, so if you think you would be a good fit even if you don't meet 100% of the requirements we would love to hear from you!

Experience Our Glovo Life Benefits
Enticing equity plan (if applicable)
Top-notch private health insurance
Monthly Glovo credit to spend on our restaurant products and zero delivery fee on all Glovo orders!
Discounted gym memberships
Flexible time off (take the time you need) and hybrid working model (own your time)
Enhanced parental leave including nursery support!
Online therapy and wellbeing benefit
What You‚Äôll Find When Working At Glovo
Gas: Driven to deliver quality results quickly
Good Vibes: Bring positivity and communicate openly
Stay Humble: Self-aware and open to learning
Care: Uplift people and the planet
Glownership: Act as proud owners
High Bar: Focus on Top Performance
If you believe you match these values, we look forward to meeting you!

Wanna take a peek into what it's like to work at Glovo? Follow us on Instagram and like us on Facebook!

Glovo is transforming the way consumers access local goods, enabling anyone to get almost any product delivered in minutes. Our on-demand logistics connect customers with independent local couriers who acquire goods from any restaurant or store in a city, as well as deliver urgent packages for a variable fee. For additional information on Glovo, please visit https://about.glovoapp.com/","Benefits found in job post
Medical insurance",Hybrid,An√°lisis de datos,Full-time ¬∑ Entry level
https://www.linkedin.com/jobs/view/3591479294/?eBP=JOBS_BLENDING_SERVICE_FAILED&recommendedFlavor=SKILL_ASSESSMENTS&refId=ZzSEXZdug9mDeXJ7jCMsGA%3D%3D&trackingId=%2FaoXijLnDwnN68dAGcrxnw%3D%3D&trk=flagship3_search_srp_jobs,Data Analyst,Selectra,"About the job
Si crees que los l√≠mites no existen, que cada d√≠a es una oportunidad para alcanzar nuevas metas, para aportar ideas‚Ä¶si te gusta pensar de forma creativa‚Ä¶. ¬°No lo dudes! Selectra te espera.

Somos una multinacional con presencia en 17 pa√≠ses con una misi√≥n clara: ayudar a los usuarios a gestionar y reducir los gastos de su hogar o negocio a trav√©s de la comparaci√≥n de tarifas y el asesoramiento personalizado de las condiciones de su tarifa de luz y gas, televisi√≥n y alarmas, as√≠ como las instalaciones de gas y placas solares.

Centrados en las personas, en apenas 9 a√±os hemos conseguido ser el comparador n¬∫ 1 de electricidad y gas y ahorrar a nuestros clientes 32,5 millones de euros en 2022 en Espa√±a, Portugal y M√©xico‚Ä¶ ¬øLa clave de nuestro liderazgo? Nuestro equipo.

Somos m√°s de 850 empleados en Espa√±a y m√°s de 1.500 en todo el mundo. Todos con el mismo objetivo: simplificar la vida de nuestros clientes. Y t√∫, ¬øte sumas al reto?

NUESTRO ADN
We make it BIG. Somos ambiciosos, en√©rgicos e inconformistas.
We make it EASY. Somos constructivos, amables y emp√°ticos.
We make it YOURS. Somos implicados, responsables y exigentes.
We make it HAPPEN. Somos proactivos, humildes y resolutivos.
We make it TOGETHER. Somos serviciales, cooperativos y un equipo.

MISI√ìN Y FUNCIONES DEL PUESTO

Tu misi√≥n ser√°:
Apoyar a las unidades de negocio y operaciones en la toma de decisiones y cumplimiento de objetivos mediante el an√°lisis de datos y procesos.
Control global de los datos y reporting del departamento.

¬øQu√© har√°s?
Apoyo al control de P&L
Control de Ingresos
‚Ç¨ / contrato bruto por provider y tipo de producto
An√°lisis de palancas para optimizar y aumentar ingresos
Control de Gastos
Control y Optimizaci√≥n de Costes. Principalmente: Operaciones y Generaci√≥n.
Control de Rentabilidad
Apoyo a la definici√≥n de los objetivos de operaciones y marketing para alinearlos con los objetivos globales
An√°lisis y c√°lculos de pros y contras en la tomas de decisiones del departamento
Control integral de los datos del departamento y mejoras en el reporting necesario para el funcionamiento del departamento
An√°lisis y propuestas de palancas para conseguir los objetivos de facturaci√≥n
An√°lisis y propuestas de palancas para cumplir los objetivos de aporte de valor y experiencia de los clientes
Control de las liquidaciones de las compa√±√≠as

PERFIL BUSCADO
Grado en Ingenier√≠a Industrial
Conocimiento avanzado de excel (se realizar√° prueba)
Conocimiento de SQL
Conocimiento Data studio
Conocimiento b√°sico en programaci√≥n
CRM

COMPETENCIAS DEL PERFIL
Capacidad anal√≠tica
Visi√≥n estrat√©gica
Optimizaci√≥n de recursos
Credibilidad t√©cnica
Capacidad de adaptaci√≥n

QU√â TE OFRECEMOS

üìç Ubicaci√≥n y modalidad 100% presencial:
Sede Madrid Centro (28028)
üìù Contrato Indefinido con 6 meses de per√≠odo de prueba, por ley
üïë Jornada completa 40h/semana:
Horario de entrada flexible: de lunes a jueves de 8h a 9:30h.
1 hora de comida y ¬Ω de descanso.
Horario de salida: de lunes a jueves a partir de las 17:15h (si entras a las 8:00h).
üöÄ ¬°Viernes por la tarde libre! Horario intensivos: de 8h a 15h.
üí∞ Salario seg√∫n perfil.
üîé Revisi√≥n anual de condiciones
üèñÔ∏è 23 d√≠as laborables de vacaciones
üìñ Biblioteca Selectra
üìö Programas de formaci√≥n y desarrollo profesional
üì¢ Beneficios con opci√≥n de contrataci√≥n a cargo del trabajador:
Cobee: Ticket Restaurante, Guarder√≠a, Transporte y Formaci√≥n
Seguro completo salud y dental Sanitas
Payflow ‚Üí ¬°Tu dinero al instante!
Descuentos en cine y espect√°culos - Diverclick
Descuentos en gimnasios - Gympass
Acuerdo de beneficios con BBVA.
Descuentos en multitud de marcas - Benefits",,On-site,"Microsoft Excel, Capacidad de an√°lisis, An√°lisis de datos, and Bases de datos",Full-time
https://www.linkedin.com/jobs/view/3583513532/?eBP=JOBS_BLENDING_SERVICE_FAILED&recommendedFlavor=ACTIVELY_HIRING_COMPANY&refId=ZzSEXZdug9mDeXJ7jCMsGA%3D%3D&trackingId=HP1N0BRhpc%2Bsoh5lfRlHVg%3D%3D&trk=flagship3_search_srp_jobs,Beca Data Analyst,Avis Budget Group,"About the job
En Avis, Bugdet, Zipcar y Payless ayudamos a crear experiencias de viaje. Business Traveller Awards nos ha reconocido como el mejor servicio de alquiler de veh√≠culos en Europa y a nivel internacional de 2022. Determinados por ser la mejor empresa de alquiler de veh√≠culos del mundo. Juntos! Desde el equipo de Fleet Administration ayudar√°s a generar valor, identificando y automatizando procesos. ¬øQu√© har√°s en tu d√≠a a d√≠a? Evaluar√°s datos e informaci√≥n de las √°reas principales y canales clave: Infleet, Defleet, Operaciones y Multas, identificando procesos deficientes y aportando soluciones de mejores pr√°cticas. Tus retos consistir√°n en: -Definir, crear y enfocarte en la mejora continua de procesos ETL. -Gestionar la calidad del dato. -Automatizar procesos. -Mantener reportes y sistemas de soporte a la decisi√≥n. Tambi√©n atender√°s peticiones Ad-hoc tales como resolver incidencias Internas en el √°rea de Informaci√≥n de Sistemas de Gesti√≥n de Flota o preparar an√°lisis ad-hoc y proyectos especiales. ¬øQu√© necesitas para triunfar en tu nueva posici√≥n?

Ser usuario de Power BI y Excel.
Aportar conocimientos de ETL.
Valoraremos positivamente un nivel de Ingl√©s alto.
Buena capacidad anal√≠tica y atenci√≥n al detalle. ¬øQu√© obtendr√°s a cambio?
Participar en un proyecto de transformaci√≥n digital en un Departamento clave en el desarrollo del negocio, donde aportar√°s valor a los canales Infleeting & Defleeting.
Horario: Full Time.
Proyecto de 6 meses.
Centro de Trabajo: Av. Manoteras 32. Madrid.",,On-site,"Extraer, transformar y cargar (ETL), Anal√≠tica de datos, Visualizaci√≥n de datos, Resoluci√≥n de problemas, Bases de datos, An√°lisis de datos, and Capacidad de an√°lisis",Full-time
https://www.linkedin.com/jobs/view/3592318309/?eBP=JOBS_BLENDING_SERVICE_FAILED&recommendedFlavor=ACTIVELY_HIRING_COMPANY&refId=ZzSEXZdug9mDeXJ7jCMsGA%3D%3D&trackingId=TC10JqjStBCKXOuM1VOqug%3D%3D&trk=flagship3_search_srp_jobs,Technical Data Analyst - Operations,Stripe,"About the job
Who we are

About Stripe

Stripe is a financial infrastructure platform for businesses. Millions

of companies‚Äîfrom the world‚Äôs largest enterprises to the most ambitious

startups‚Äîuse Stripe to accept payments, grow their revenue, and

accelerate new business opportunities. Our mission is to increase the

GDP of the internet, and we have a staggering amount of work ahead. That

means you have an unprecedented opportunity to put the global economy

within everyone‚Äôs reach while doing the most important work of your

career.

About The Team

Our goal is to maximise the success of Operations, both in the running

the day-to-day business and in shaping and achieving the longer term,

high effort, high value strategic priorities. We take a data-driven

approach that combines strategy, analytics and core data infrastructure

to help Ops leaders solve their most complex and most important issues

while also driving the business planning and operational cadence

end-to-end, from strategy to goal-setting to execution.

What you‚Äôll do

We are seeking a Technical Data Analyst to drive and enable business

performance in Ops‚Äô Strategy & Analytics Data foundations pillar.

‚ÄòUsers first‚Äô is Stripe‚Äôs first operating principle and in this role you

will help us understand the underlying drivers of customer interactions.

The ultimate objective is identifying product gaps, improving the

quality of our services, and making our operations more efficient.

You‚Äôll work cross-functionally with our Data Science to build and

measure Machine Learning models and Product Operations teams in creating

& maintaining data sources, building routing and case classification

systems, and communicating findings.

If you are incessantly curious, eager to solve big data challenges,

relentless, passionate about helping users, and interested in diving

into a quickly-growing team and company, we want to hear from you.

Responsibilities
Work closely with cross-functional, technical stakeholders - helping them identify and address their most impactful challenges with data and analyses
Own the development, implementation, and maintenance of Operations metrics & data sources
Partner with Data Science on the creation of machine learning models, feature generation, and ML performance monitoring
Partner with Operations and Engineering teams on the implementation of high impact data projects, championing data driven decision making

Who you are

We‚Äôre looking for someone who meets the minimum requirements to be

considered for the role. If you meet these requirements, you are

encouraged to apply. The preferred qualifications are a bonus, not a

requirement.

Minimum Requirements
4+ years of experience in analytical roles
Mastery of SQL and a strong understanding of data relationships / relational databases, experience working with large datasets.
Proficiency in R, Python, or another statistical programming language
Practical experience developing and maintaining complex ETL pipelines
Proven skills in A/B testing, experiment set-up, and analysis
Experience with applied machine learning techniques
Expertise using data insights to drive business and operational goals
Outstanding analytical ability, communication, and presentation skills

Nice to have
Experience working in or with Operations, Sales, Support, or Account Management
Experience with writing and debugging data pipelines using a distributed data framework (Hadoop/Spark/Pig/etc.)
Experience with Scala
Experience working in fast-paced environments
Experience in people management or project management of cross-functional project",,Remote,"Capacidad de an√°lisis, Comunicaci√≥n, Bases de datos, and Extraer, transformar y cargar (ETL)",Full-time ¬∑ Mid-Senior level
https://www.linkedin.com/jobs/view/3591479294/?eBP=CwEAAAGH0hG1Ac9xY1U3su8zaxRx4naeMELkT4H6z9SKn726NweBS3o5dLFNXpw0PNQ_gl3PjbvseKp73PAC0qfLfCWrb9BOozT1sps2phME7jtsvsZSObFOjZXTlzKs8Hiagmshr6otwLL77vcF3TrWb3WwAzdZ469gxnpBlPbADEVxioCDqKsvAOBlbelnZeN5F6-A4qRRAqfSB7CowzZzea0Jf3FGRLF1myXfKmNVba0_Jd6NajKXuGvLXtz5e-7BHR7Sc974bpDNwz_wbEN2c2iQ3PKO77gMRv6iVb3L-th7-q0CaUpOrstjKHWWltbThGJzgkjUTQFXpCNF3UZ-niiE0gn9ksdx2X474wFoOV5AVR7pjDoSbXExfjPU2TW3VlTHwRJLCoi-h3T30O6zhA9fP56WvHs&recommendedFlavor=SKILL_ASSESSMENTS&refId=JK42gyVZv6xQ0yFSiWZqDw%3D%3D&trackingId=z6pAwArA%2FqFrd4ok6UaSLw%3D%3D&trk=flagship3_search_srp_jobs,Data Analyst,Selectra,"About the job
Si crees que los l√≠mites no existen, que cada d√≠a es una oportunidad para alcanzar nuevas metas, para aportar ideas‚Ä¶si te gusta pensar de forma creativa‚Ä¶. ¬°No lo dudes! Selectra te espera.

Somos una multinacional con presencia en 17 pa√≠ses con una misi√≥n clara: ayudar a los usuarios a gestionar y reducir los gastos de su hogar o negocio a trav√©s de la comparaci√≥n de tarifas y el asesoramiento personalizado de las condiciones de su tarifa de luz y gas, televisi√≥n y alarmas, as√≠ como las instalaciones de gas y placas solares.

Centrados en las personas, en apenas 9 a√±os hemos conseguido ser el comparador n¬∫ 1 de electricidad y gas y ahorrar a nuestros clientes 32,5 millones de euros en 2022 en Espa√±a, Portugal y M√©xico‚Ä¶ ¬øLa clave de nuestro liderazgo? Nuestro equipo.

Somos m√°s de 850 empleados en Espa√±a y m√°s de 1.500 en todo el mundo. Todos con el mismo objetivo: simplificar la vida de nuestros clientes. Y t√∫, ¬øte sumas al reto?

NUESTRO ADN
We make it BIG. Somos ambiciosos, en√©rgicos e inconformistas.
We make it EASY. Somos constructivos, amables y emp√°ticos.
We make it YOURS. Somos implicados, responsables y exigentes.
We make it HAPPEN. Somos proactivos, humildes y resolutivos.
We make it TOGETHER. Somos serviciales, cooperativos y un equipo.

MISI√ìN Y FUNCIONES DEL PUESTO

Tu misi√≥n ser√°:
Apoyar a las unidades de negocio y operaciones en la toma de decisiones y cumplimiento de objetivos mediante el an√°lisis de datos y procesos.
Control global de los datos y reporting del departamento.

¬øQu√© har√°s?
Apoyo al control de P&L
Control de Ingresos
‚Ç¨ / contrato bruto por provider y tipo de producto
An√°lisis de palancas para optimizar y aumentar ingresos
Control de Gastos
Control y Optimizaci√≥n de Costes. Principalmente: Operaciones y Generaci√≥n.
Control de Rentabilidad
Apoyo a la definici√≥n de los objetivos de operaciones y marketing para alinearlos con los objetivos globales
An√°lisis y c√°lculos de pros y contras en la tomas de decisiones del departamento
Control integral de los datos del departamento y mejoras en el reporting necesario para el funcionamiento del departamento
An√°lisis y propuestas de palancas para conseguir los objetivos de facturaci√≥n
An√°lisis y propuestas de palancas para cumplir los objetivos de aporte de valor y experiencia de los clientes
Control de las liquidaciones de las compa√±√≠as

PERFIL BUSCADO
Grado en Ingenier√≠a Industrial
Conocimiento avanzado de excel (se realizar√° prueba)
Conocimiento de SQL
Conocimiento Data studio
Conocimiento b√°sico en programaci√≥n
CRM

COMPETENCIAS DEL PERFIL
Capacidad anal√≠tica
Visi√≥n estrat√©gica
Optimizaci√≥n de recursos
Credibilidad t√©cnica
Capacidad de adaptaci√≥n

QU√â TE OFRECEMOS

üìç Ubicaci√≥n y modalidad 100% presencial:
Sede Madrid Centro (28028)
üìù Contrato Indefinido con 6 meses de per√≠odo de prueba, por ley
üïë Jornada completa 40h/semana:
Horario de entrada flexible: de lunes a jueves de 8h a 9:30h.
1 hora de comida y ¬Ω de descanso.
Horario de salida: de lunes a jueves a partir de las 17:15h (si entras a las 8:00h).
üöÄ ¬°Viernes por la tarde libre! Horario intensivos: de 8h a 15h.
üí∞ Salario seg√∫n perfil.
üîé Revisi√≥n anual de condiciones
üèñÔ∏è 23 d√≠as laborables de vacaciones
üìñ Biblioteca Selectra
üìö Programas de formaci√≥n y desarrollo profesional
üì¢ Beneficios con opci√≥n de contrataci√≥n a cargo del trabajador:
Cobee: Ticket Restaurante, Guarder√≠a, Transporte y Formaci√≥n
Seguro completo salud y dental Sanitas
Payflow ‚Üí ¬°Tu dinero al instante!
Descuentos en cine y espect√°culos - Diverclick
Descuentos en gimnasios - Gympass
Acuerdo de beneficios con BBVA.
Descuentos en multitud de marcas - Benefits",,On-site,"Microsoft Excel, Capacidad de an√°lisis, An√°lisis de datos, and Bases de datos",Full-time
https://www.linkedin.com/jobs/view/3583955101/?eBP=CwEAAAGH0hG1AWV3J8I-RpnhooIf4up8BhZBLfNbI-9EcC70kc5VWi3AzYiyepf4fV-NWM0Q-FAO1Ln1wR99DelLWDqrfRbmqq5EG9cmNwgbsOAAI6QQ8QN6AhCBcCsgYliSMRjoclSbjzB0vIX8GO27ewXBnb4Yb1eebt9CLibGL8BA7yUMfgF8R7Jom72PeIHSQhG6lnXRwIAWM7bdNUaLXGiOeUDXZHLgC6yGxInCSy4J7k22LLy8puKv_SVO91HQd5zD-aH-Mf-BFgQeJwNMQN4yrQYQZXGszAJKYoCSfOBHTmeb_VVr7yg_yHiy5-5FEs51kkJ1vsPVTAEXcCu54u8323HA_DdyGZtcArJmHfXznzo-bCVbSKjsVr7MGLeLyOSaf0A&recommendedFlavor=ACTIVELY_HIRING_COMPANY&refId=JK42gyVZv6xQ0yFSiWZqDw%3D%3D&trackingId=PC4D2j4dcFh4v8maSuIIbA%3D%3D&trk=flagship3_search_srp_jobs,Data Analyst,Huxley,"About the job


Data Analyst - Madrid - Modelo h√≠brido - Contrato permanente o Freelance

Para uno de nuestros mejores clientes en Madrid, nos encontramos en b√∫squeda de un Data Analyst.



Requerimientos:

Experiencia trabajando como Data Analyst
Experiencia trabajando con Python (c√≥digo para leer e interpretar c√≥digo, automatizar procesos)
Experiencia trabajando con Pyspark.
Persona comprometida y colaboradora
Conocimientos de herramientas de BI: Microstrategy
Conocimientos de Machine Learning
Conocimiento de herramientas de desarrollo (ID)
Soft Skills:

Capacidad de resoluci√≥n de problemas de forma aut√≥noma.
Skills comunicativos (estar√°s en contacto con negocio).
Habilidades para representar y resumir informaci√≥n sacando conclusiones de valor.
Detalles del Proyecto:

Modelo hibrido, 3 d√≠as en oficina por semana en Madrid.
Contrato indefinido.
Start Date: ASAP
Si estas interesado/disponible no dudes en aplicar a esta posici√≥n y nos pondremos en contacto contigo lo antes posible,

Huxley IT",,On-site,"Anal√≠tica de datos, Visualizaci√≥n de datos, An√°lisis de datos, Resoluci√≥n de problemas, Capacidad de an√°lisis, and Bases de datos",Full-time ¬∑ Entry level
https://www.linkedin.com/jobs/view/3585999180/?eBP=JOB_SEARCH_ORGANIC&recommendedFlavor=SKILL_ASSESSMENTS&refId=JK42gyVZv6xQ0yFSiWZqDw%3D%3D&trackingId=6ki92yMsaHQFkqLHzwMVcA%3D%3D&trk=flagship3_search_srp_jobs,Data Analyst,"KRUK Espa√±a, S.L.U.","About the job
Kruk Espa√±a S.L.U, we are a multinational company operating within the financial sector, with headquarters in Poland. In Spain we are specialized in debt recovery, helping our clients offering customized solutions for the resolution of their debt situation.
Now you could be part of KRUK working in our Operational Analysis Section like Data Analyst.
You will analyze and interpret business data using analytics tools to provide insights and insights to help operational area managers make data-based decisions, in order to help achieve the goals.


Main responsibilities:
‚Ä¢Responsible for extracting, grouping, sorting and classifying data in bulk.
‚Ä¢Prepare and interpret raw data using SQL.
‚Ä¢Prepare reports that helps to make strategics decisions.
‚Ä¢Participates in the preparation and analysis of case studies in order to quantify the financial impact of new initiatives for customers.
‚Ä¢Collaborate with international teams to implement assigned projects
‚Ä¢Compiles statistical analyses based on ""open source"" statistical tools (such as R / Python etc.)""

Position Requirements:

‚Ä¢Tools: experience with SQL, Excel expert, Tableau, statsistical tools -R or Python- good database management.
1-2 years of experiencie in a similar position.
‚Ä¢Knowledge of English - high level to collaborate with international teams.
‚Ä¢Ability to work independently and as a team.
‚Ä¢Analytical thinking

What can we offer you?
Flexible working hours
Teleworking
Social benefits, private health insurance, commuting benefit.
Flexible retribution","Benefits found in job post
Medical insurance",Hybrid,"Capacidad de an√°lisis, SQL, Python, Ingl√©s, Microsoft Excel, Tableau, and Bases de datos",Full-time ¬∑ Associate
https://www.linkedin.com/jobs/view/3558114071/?eBP=CwEAAAGH0hG1AYsaADn035TcTwWTYvILZTx3OdP8v0saVwG-woajiMZdG042Kuei2npOYwnS-55ACmYdJxi5XDn_Uuua1sL7e_n_HenMQoxQ6dcA1sfuozez8ovKTR_BhNNH6djg0ba5HDNchvWyds4xe-Knx2krJUnMvCWBCnwqEi2mdtweYcp8nnqXu3WQPfu0VhEu4EKBrraeoI-8FkC9THyoO1gNF7GV-uuAUbCECFFf97787qQ-B4Un5sXK4jyvlb-hogObQUQ37PfM4hVc89DtYOfMFQ-GV-axjpiWo36y8toDrppfhtgEfFECPhxAghHs6c8dkYOMC98pHb2rykQM3eESqdtP9sAszYZ8SQevGqrXH9EJX9bNv21Lg_zTfu74&recommendedFlavor=SKILL_ASSESSMENTS&refId=JK42gyVZv6xQ0yFSiWZqDw%3D%3D&trackingId=8iWjI6FL2SFfixDTW5RKgw%3D%3D&trk=flagship3_search_srp_jobs,Analista de Datos,Indra,"About the job
Como parte esencial de nuestro equipo en San Fernando de Henares buscamos incorporar a un/a Analista de Datos.

Requisitos:
¬∑ Formaci√≥n: Deseable Ingenier√≠a o ADE.
¬∑ Conocimiento en procesos de gesti√≥n:
o Gesti√≥n de materiales e inventarios: Modelos de acopio y reaprovisionamiento.
o Gesti√≥n de la planificaci√≥n, An√°lisis carga-capacidad.
¬∑ Funcionamiento ERP SAP.
¬∑ Conocimiento herramientas de anal√≠tica y visualizaci√≥n (PowerBI, Excel avanzado/Macros, Power Query).
¬∑ Conocimiento indicadores SCM y Planificaci√≥n
Core Skills:
¬∑ Proactividad.
¬∑ Comunicaci√≥n.
¬∑ Capacidad anal√≠tica.
¬∑ Capacidad de liderar reuniones.
¬∑ Trabajo en equipo.

¬øQu√© te podemos ofrecer?
Incorporarte a una compa√±√≠a con m√°s de 40.000 profesionales y con acceso a proyectos retadores para clientes l√≠deres en sus sectores de actividad.
Una carrera profesional adaptada a ti.
Retribuci√≥n competitiva y acceso a planes de retribuci√≥n flexible.
Formaci√≥n continuada en Open University, adem√°s de acceso abierto para nuestros profesionales a la plataforma Udemy for Business, con m√°s de 3.000 cursos especializados
Conciliaci√≥n entre la vida personal y profesional, con opci√≥n de flexibilidad horaria.
Acceso a plataforma MyClub donde te podr√°s beneficiar de numerosos descuentos y promociones exclusivos para nuestros profesionales.
¬°INDRA es empresa Top Employer 2022! Incorp√≥rate a una empresa certificada como una de las mejores empresas empleadoras de Espa√±a, gracias a nuestra gesti√≥n integral de RRHH y a las condiciones para nuestros profesionales.
¬øA qu√© suena bien? No lo dudes, si tienes ganas de crecer con nosotros, ¬°env√≠anos tu CV!",,Hybrid,"Trabajo en equipo, Capacidad de an√°lisis, Comunicaci√≥n, and Microsoft Excel",Full-time ¬∑ Associate
https://www.linkedin.com/jobs/view/3477898801/?eBP=CwEAAAGH0hG1ATyacu0oRD7yDJpWozynRM2RHP--F6vaiRxUVI5rzT684GhX4FIMfafIHd02HPM8kFFcku-J-xAZnQUYLwRidZc1u1zmdw_rBfzqMaHy37B1Qotn4uG36tFmEnkC9tqLs6BTu_G0avFfOyw0TkQMvN9uI3wOAahIMSHb_aZ0eycvBYWKz8vDGFXAHz2sBv002ILBTnOvnRK965Jr4ocDRTpn91lzU4YapFy61BOep-PNBLs9eGskezcG-fYnRbHrFt_TQRx1oV1dMKsXxwoT3ty_YIYCC34kVv9cXrcdF-Fx4Dt4JnWAcw2RUI25_eUNdN5-CTNzok_kaeEO6otAt0v8vydq2sNEn81c6y1voWfczyqTYuH8ZPK6cOop&recommendedFlavor=SCHOOL_RECRUIT&refId=JK42gyVZv6xQ0yFSiWZqDw%3D%3D&trackingId=nYwsL2e8wyWlDBWin8Godw%3D%3D&trk=flagship3_search_srp_jobs,Data Analyst,YEGO,"About the job
About YEGO

Yego was born in 2016 when shared mobility with a light vehicle was still at an experimental stage. Nowadays it is a reality and YEGO already operates in 4 Spanish cities (Barcelona, Valencia, Malaga, and Seville) and 3 French cities (Bordeaux, Toulouse and Paris). Our experience of more than 6 years in the sector, our progressive growth, and our ability to create a community with users, public actors, and private partners make YEGO a reference in Europe.

Mission

As a Data Analyst, you will support and empower Yego's departments with key data that will allow them to make strategic decisions and improve business performance.
Reporting to the Head of Vehicle Development and Data, this role is embedded in the day-to-day business performance and holds the reporting responsibilities for Yego.
The Data Analyst will be a key partner for Operations and Marketing departments providing and analyzing performance trends, user acquisition, and retention rates, rides forecast, operations performance, etc.

Responsibilities

Business KPIs reporting.
Product Analytics, tracking and reporting on the product features and improvements
Maintaining and improving the reporting and visualization outcomes
Identify, analyze and interpret trends and anomalies in the data for different departments, communicate findings
Provide insight, guidance, and recommendations to Operations and Marketing by interpreting and analyzing the business data
Discovering and exploring datasets and proposing new tracking to improve data sources and decisions
Forecasting and setting targets at the department/function level to reach objectives as well as working with the teams to see business cases for uplifts in the KPIs results

Requirements

BS degree in Data, Computer Science, Mathematics or related fields.
+ 2 years of experience in relevant roles.
Knowledge of statistical methods and data analysis techniques for both quantitative and qualitative data analysis.
Possess advanced computer skills knowledge, experience working with different databases and data warehousing understanding.
Strong knowledge of and experience with SQL (MySQL or Postgresql), and understanding of ETL programming (Python).
Expertise in statistical analysis and experience using tools to report and visualize (Tableau, R, Python, Cluvio, and others).
Strong analytical skills with the ability to collect, organize, analyze and disseminate significant amounts of information with attention to detail and accuracy.
Good communication and presentation skills, as well as utilize data obtained and analysed, performed to guide the business performance

Perks

Participating in changing mobility for good into a cool, hassle-free, and environmentally-friendly experience.
Working with a young and passionate team, towards the same goals.
A modern workspace in Poblenou with a games area and indoor patio.
Free fruit, snacks, coffee and tea at the office.
Private Health Insurance (Cigna).
Gym membership discounts (AndJoy).
Unlimited use of Yego vehicles.
Flexible retribution plan (Cobee).
Flexible working hours and remote working conditions.

YEGO is proud of being an equal-opportunity workplace. We celebrate diversity and we are committed to creating an inclusive environment for all employees regardless of background, gender, religion, orientation, age, or ability.","Benefits found in job post
Medical insurance",Hybrid,"An√°lisis de datos, Capacidad de an√°lisis, Python, Extraer, transformar y cargar (ETL), SQL, Tableau, and MySQL",Full-time ¬∑ Entry level
https://www.linkedin.com/jobs/view/3572370022/?eBP=CwEAAAGH0hNDNS1L_y7cnd1Usuku4AdzXcvAhj0zCieEDHh_qTwWelPM66_Rmcit4q4wqDh-trsqId-gCctZIx3GaHfjWoqBajJWU9zqlLAC0sQBubg9Z_YWW2-AEcYIG2h9MbPD5W33sHhNhI0Ua73h6erbkbJaXDy1oG1WrRvk6BCaSk3C1rYkldTRHfAFt8t4svzUxISKvnyG1tA1q2i5yhtNjclCSTYcEOe3Xy2npP7mg5yEcinjpQo_mmh_Kzu2fu9dA8_tylYWmmzk9yTidLCB8qOs4io0z4XUerqHXCWTzCy_0dePhTU7fSlA4dciXFk6zkzAfZSNSmkNN0CljGHxBRKbbySaNlKeywzTf_hFMesaHzPrY4xfn4O8GL___1bCAEk&recommendedFlavor=SCHOOL_RECRUIT&refId=Fu4CxkUaj22QKFuSzRgpHw%3D%3D&trackingId=Q1gsKi5TN6VJZHM89PRFHw%3D%3D&trk=flagship3_search_srp_jobs,Power BI Specialist,ERNI,"About the job
Do you want to join an international team & develop your skills as a Power BI Developer?

If so, this is your lucky opportunity! We are looking for a Power BI Specialist to be a part of a new team, being responsible for creating meaningful reports and dashboards based on Power BI.

You will find domain technical experts that collaborate in creating challenging solutions allowing you to develop yourself and work in the top of your technical expertise.

Are you eager to join an international and fast-paced environment full of challenges and technical-growth opportunities?

How ERNI cares about YOU

üìö Paid and rewarded certifications: you will be able to learn new technologies to develop as a professional in the areas that interest you most (such as: Agile, DevOps, Cloud, QA, etc.) and be rewarded from 200‚Ç¨ to 1.400‚Ç¨ per certification, in addition to the paid exam.

üèÜ High Value Training: after a year at ERNI, you will have the opportunity to enroll on +500‚Ç¨ Executive courses, Masters or Postgraduates. 80% of the total amount will be covered by the company.

üëå Hybrid working model: at ERNI we believe in the importance of building strong relationships with our colleagues. You can expect 5 to 6 days per month dedicated to team building and different events at the office.

üè† Home Office: you will receive an extra monthly compensation to cover your teleworking expenses, as well as any necessary equipment to be comfortable doing your job.

üåç Far Home Office: you can extend your holidays and work remotely from any European country or Spanish city up to 5 weeks per year.

üí´ Flexible working shift*: you will enjoy a Friday intensive shift and a self-managed flexible working hours.

ü§ù Permanent contract: there is always a project for you to keep working with us, you will always find a project that fits your expectations in our people allocation meetings.

üöÄ Challenging projects: ERNI is dedicated to develop high-quality software in complex technical environments such as pharmaceutics, biotechnology, robotics and 4.0 industry. With us, you will have the chance to participate in a variety of technical challenging projects amongst passionate and skilled colleagues.

‚≠êProximity and support: from the first day at ERNI, you will be guided by a Mentor and a People Development team that will make sure you have the right tools to develop and give you opportunities to grow in a project or to switch to a new one.

üëÇ Communication: you will find transparency, honesty, and open communication all over the organization through a breakfast with our MD and a monthly session to be updated on what‚Äôs going on at ERNI.

üèÖ Promotions & Recognition: from the very first day, we offer you a way to learn and develop yourself in our company. All efforts are always recognized and appreciated by your colleagues and superiors which makes feel satisfied with your own achievements.

üí≠ Free languages courses: learn German and Spanish or improve your English skills with our external teachers in small groups once per week.

ü©∫ Private medical insurance: we will offer you a private medical insurance for you and a 100% salary coverage on sickness leave.

üí∞ Flexible compensation: you will be able to dedicate part of your gross salary to different options such as transportation bonus, ticket restaurant, kindergarten bonus and to also to be able to add a family member into your own insurance plan.

ü§∏‚Äç‚ôÄÔ∏è Gym Funding: ERNI bets on a healthy lifestyle, for that reason, we offer you special discounts on fitness facilities.

‚úî Re-allocation funding: if you are coming from abroad, we will help to become a part of our company with a relocation package bonus from 1.000‚Ç¨ to 2.000‚Ç¨.

ü§ë Referral program: you will receive an extra bonus with our ‚ÄúCandidate‚Äôs referral program‚Äù from 2.000‚Ç¨ to 6.000‚Ç¨ depending on the candidate seniority level; and an extra bonus, also with our ‚ÄúBusiness opportunity referral program‚Äù from 500‚Ç¨ to 5.000‚Ç¨ depending on the opportunity size and customer.

üïµÔ∏è‚Äç‚ôÇÔ∏è Life support: to strengthen our commitment to conciliation and willingness of being close in your day-to-day life and important moments. We provide you a set of services and benefits, free of charge for, to assist you and your family in legal consultation, personal assistance, etc.

üíÉ Events: we do believe in the importance of meeting our colleagues in an informal and natural environment to build connections and foster trust so that we feel like home. Leisure events, Christmas dinner and summer party are waiting for you!

To be a best fit for this opportunity you will need:
Good English level (B2+), German is a plus.
+3 years in a BI role, ideally in an international company.
Strong knowledge in Data Modelling
Knowledge of Azure Data Factory and Azure DataLake
Very good communication and training skills
Knowledge of Power Automate and Dataverse is a plus

You will be responsible for:
Creating meaningful Reports and Dashboards based on PowerBI
Supporting & Consulting our Process Owners and Financial Controlling regarding Reports and Dashboards
Managing processes and integrating information from different APIs in Azure Datalake using Azure Data Factory.
Training of internal Subject matter experts

Are you still curious? Discover what it is to become part of ERNI:
https://www.youtube.com/@erniacademy1024/videos

WOULD YOU LIKE TO BECOME AN ERNIan? APPLY NOW!","Benefits found in job post
Medical insurance",Hybrid,Inteligencia empresarial,Full-time ¬∑ Associate
https://www.linkedin.com/jobs/view/3580625242/?eBP=CwEAAAGH0hNDNarHbhDfm59nPq1VQUDxZYzeJ4oF0Dczu0ExD35ZmHg1M1pWOp83qz0U3uf08tA9NUn_QgvSd4leBtTbeouFfk89k-E11fYtPqUk2SCvioz_LuOsQyJ5mr5_0ONk0b7WH9wIitEMvgeOlbZce2P1gLMnul0kjKEn3H-ci4rb82D9UwVMQy0o8QAovLvUDKZ6OMu7Falp0e7jcLUYYndqhKVdaMEb8rnQWOJfOY3PA_v9Dxu1mZ53yLhljTGc5H7dYLmkDcaVLDqgPvZDVbMVVu7aFMfmlPVDBvWy6zNODx-NXzDn9pAqteE9HBDQB-xZd19mo4lec7o8QrkLCnCEI-0M1KZbKrM0onKaAi7WTf0RmMGSMH1H4RA7fv-joLY&recommendedFlavor=JOB_SEEKER_QUALIFIED&refId=Fu4CxkUaj22QKFuSzRgpHw%3D%3D&trackingId=W7i6JtRCBIebA2jaDqt0jQ%3D%3D&trk=flagship3_search_srp_jobs,Data Quality Analyst,CrowdFarming,"About the job
CrowdFarming¬Æ es el marketplace que ofrece una alternativa m√°s justa y sostenible para la compra de alimentos ecol√≥gicos, a trav√©s de la venta directa entre productores agr√≠colas y consumidores finales. Empezamos nuestra actividad a finales de 2017 y seguimos revolucionando d√≠a a d√≠a la manera de comprar de nuestros consumidoresüå±.

Actualmente estamos buscando a una persona que se una a nuestro equipo de Data como Data Quality Analyst, que se encargar√° de dise√±ar y desarrollar procesos para garantizar la calidad de los datos.

üëâTareas:
Colaborar con las diferentes √°reas de negocio para identificar y definir requisitos de calidad de datos.
Realizar an√°lisis de datos para evaluar la calidad e integridad de los mismos.
Dise√±ar e implementar procesos y herramientas que permitan monitorear, evaluar y mejorar la calidad de los datos y el rendimiento de nuestros sistemas.
Trabajar en conjunto con equipos internos para implementar soluciones.
Documentar procesos relacionados y m√©tricas analizadas.
Establecer m√©tricas y KPIs para medir la calidad de los datos y supervisar su cumplimiento.
Estar atento a la creaci√≥n, modificaci√≥n e incorporaci√≥n de nuevas fuentes de datos.

üëâTu perfil:
Grado en Inform√°tica, Matem√°ticas, Estad√≠stica o experiencia laboral equivalente en campos relacionados.
Experiencia previa de al menos 2 a√±os en an√°lisis de datos, calidad de datos o roles similares.
S√≥lidos conocimientos en bases de datos SQL y NoSQL (MongoDB).
Dominio de Python o Javascript para la implementaci√≥n y automatizaci√≥n de procesos relacionados.
Habilidades anal√≠ticas y capacidad para trabajar con grandes vol√∫menes de datos.
Experiencia en la definici√≥n de requisitos y colaboraci√≥n con diferentes √°reas de negocio.
Nivel alto de ingl√©s.
Proactivo/a, con habilidades para resolver problemas y trabajar en equipo.

üëâ ¬øQu√© ofrecemos?
Un contrato indefinido a tiempo completo: 40 horas y media semanales con jornada intensiva viernes y en veranoüòé .
Jornada h√≠brida (teletrabajo y presencial) con 25‚Ç¨/mes para tus gastos recurrentes.
250‚Ç¨ cada a√±o para apoyarte en cualquier formaci√≥n que quieras hacer.
Clases de ingl√©s, franc√©s, alem√°n y otros 10 idiomas financiadas por Crowdfarming.
Un plan de retribuci√≥n flexible y beneficios a medida.
Regalo de la huerta por tu cumplea√±os.
Team buildings, y eventos corporativos trimestrales.
Seguro m√©dico parcialmente financiado por Crowdfarming.
Un equipo internacional y multicultural muy motivado en una empresa emergente de r√°pido crecimiento.
Una oficina open space en el coraz√≥n de Madrid, con caf√© gratis y fruta y verdura procedente de nuestros Farmers üçë.",,Hybrid,Python and SQL,Full-time ¬∑ Associate
https://www.linkedin.com/jobs/view/3592376973/?eBP=JOB_SEARCH_ORGANIC&recommendedFlavor=ACTIVELY_HIRING_COMPANY&refId=Fu4CxkUaj22QKFuSzRgpHw%3D%3D&trackingId=Tv5VcCvo2QccolQZixz5Bw%3D%3D&trk=flagship3_search_srp_jobs,Renewable Data Analyst (Power),Michael Page,"About the job
Analytical engineer with experience in Data processing|Deep understanding of balancing regimes in Europe

About Our Client

One of the world's largest energy traders

Job Description

Work in a team of multiple Business and Data Analysts to validate and correct data to support business critical processes.
Keep track of the company portfolio for data management solution(s).
Collect, process, and analyse operational data (including measurement, allocation, imbalance, and reconciliation data) in order to report to internal and external stakeholders.
Troubleshoot issues with internal and external counterparties, including Asset Owners and Grid Operators.
Anomalies in generation and consumption patterns investigated and understood.
Actively manage relationships with internal and external stakeholders (including relevant market organizations)
Facilitate necessary management approvals. Work to standardise, and automate as many of these processes as possible in conjunction with IT.
Understand the deal funnel to assess and manage the workload associated with integrating new opportunities into relevant systems
Deep understanding of balancing regimes in country, well connected with regulatory bodies, able to understand upcoming regulatory changes and able to coordinate teams to implement system and process changes ahead of new introduction of new and/or changed rules.
The Successful Applicant

Be comfortable with big, complex data sets, analysis, and application of that data to drive business value.
Can process large data sets through building own queries to support and resolve complex issues and support decision making.
Show a keen interest in IT/digitalization and other technology advancements and how these can be applied to drive competitive advantage.
Excellent customer service/attention/manner.
Ability to scope and manage changes to IT projects and drive process improvements.
Have experience in regulatory reporting frameworks for Power in Europe, demonstrating an interest in balancing regimes.
Develop business relationships with customers and IT vendors.
Operate effectively as part of a team as well as autonomously.
Adapt quickly to a dynamic environment and demonstrate resilience under pressure.
Very strong interpersonal and communication skills (fluent in spoken and written English). Excellent stakeholder engagement.
Highly analytical, data driven with strong attention to detail.
Process Improvement mindset.
A basic knowledge of Trading and Supply European Power Operations, Trade Finance and Controls, European Regulatory Reporting and Compliance.
What's on Offer

Combine our creative, collaborative environment and global operations with an impressive range of benefits and joining the company becomes an inspired career choice.

We're huge advocates for career development. We'll encourage you to try new roles and experience new settings. By pushing people to reach their potential, we frequently help them find skills they never knew they had, or make career moves they never thought possible.

Contact: Vivian Arriaran Vergara

Quote job ref: JN-032023-5982246",,On-site,"Comunicaci√≥n, Ingl√©s, Atenci√≥n al detalle, Capacidad de an√°lisis, Anal√≠tica de datos, and Servicio de atenci√≥n al cliente",Full-time ¬∑ Entry level
https://www.linkedin.com/jobs/view/3560899044/?eBP=CwEAAAGH0hNDNVTsCjLv2ryWIDETa1U94TnSWjlV_KvdU22tk3ShTMNEXVDOiAQVF5jOjnQGdqD7esXYFEZwsQXX7f60lqLPiYz7x3ONTdf8l7NZCTsRsOEc9aK-pu4Yv8bTNd1OHHcea0Qh4W9FW3gMOMumpNEzsN4W6o6R7efa-qyFx23goK7KHBl_0vJL0WINnjJKqd5FC18Ip1z_QEgsmkzGTKQSmkccmUfRuAVNBABykyT55uYbqwyZp78uhSsmlw8bxYqCe1IOqEVtsk_6I8lHXq8DcqclW-ylge6EAkmGgSd494GprKonv3E66TDy5K9xolGq-BNCaYF9oAxxVAIbcJ4766SF0OSdXIPACbz040Ljk61rLx7S7rD7vTIcIAbS-lE&recommendedFlavor=SCHOOL_RECRUIT&refId=Fu4CxkUaj22QKFuSzRgpHw%3D%3D&trackingId=T5RnasNaDRNYxCH%2FYKOgAQ%3D%3D&trk=flagship3_search_srp_jobs,"consultor power BI- zamudio, vizcaya",Randstad Espa√±a,"About the job
¬øEres un apasionado del mundo BI y buscas desarrollo en proyectos estables?
Desde Randstad Technologies seleccionamos el mejor talento. Cuidamos
de nuestros trabajadores mediante el trato humano que nos caracteriza y
por ello te impulsamos a las mejores oportunidades profesionales para
seguir creciendo sin l√≠mite


Randstad Technologies es la empresa de consultor√≠a
tecnol√≥gica del grupo Randstad especializada en servicios tecnol√≥gicos
estables. A nivel global contamos con m√°s de 15.000 especialistas IT y a
nivel nacional con m√°s de 400 y tenemos oficinas en Madrid, Barcelona,
Valencia, M√°laga, Sevilla, Zaragoza, Bilbao y Valladolid.
Nuestro objetivo: Que te desarrolles y aprendas con nosotros
participando en proyectos con tecnolog√≠a puntera.

Si tu trayectoria profesional est√° orientada a la consultor√≠a con POWER BI y cuentas con una s√≥lida experiencia profesional queremos conocerte!
- consultor de Power Bi, incorporar esta tecnolog√≠a a las diferentes √°reas de negocio para la explotaci√≥n del dato, conectarlo con los sistemas SharePoint, Salesforce y SAP que tienen en el √°rea de sistemas.
-informes/ dashboard visualizaci√≥n
-Modelo mixto acudiendo 1-2 d√≠as presencial en las oficinas a la semana.
Horario: flexible 9 a 17h y viernes hasta las 15h
Si te ves reflejado, te animamos a asumir este
reto. Buscamos personas con experiencia de al menos 4 a√±os con power bi. Adem√°s de conocimientos y experiencia en los siguientes entornos tecnol√≥gicos: SharePoint ,Office 365, SAP, As400, Salesforce, MySQL.
Formaci√≥n: FP Grado Superior
Conocimientos: microsoft power bi
Experiencia: 4 a√±os

¬øA qu√© esperas para formar parte de nuestra gran familia
Randstad Technologies?
Aqu√≠ encontrar√°s motivos para ello:
PLAN DE FORMACI√ìN CONTINUA, plan de formaci√≥n anual, acceso a
plataforma elearning de formaci√≥n t√©cnica, plataforma de formaci√≥n en
habilidades...
ACOMPA√ëAMIENTO Y PLAN DE CARRERA, Tendr√°s un referente de
Randstad Technologies cerca de ti en todo momento.
CONCILIACI√ìN, Sabemos que tu vida personal es tan importante como la
profesional por eso podr√°s disfrutar de 23 d√≠as de vacaciones y en la
mayor√≠a de nuestros proyectos tendr√°s un horario flexible.
COMPROMISO y ESTABILIDAD, Incorporaci√≥n a empresa en continuo
crecimiento que apuesta por las nuevas tecnolog√≠as.
SALARIO COMPETITIVO acorde a tu experiencia profesional.
CONDICIONES contractuales competitivas, Plan de retribuci√≥n flexible
(ticket restaurante y cheques guarder√≠a) + Club de ventajas Randstad.
PLAN TR√ÅETE UN AMIGO, Si nos ayudas a incrementar el equipo, te
premiaremos con una compensaci√≥n econ√≥mica.
Se garantiza la confidencialidad en el proceso de selecci√≥n.
¬øTienes ganas y te ves preparado para asumir un nuevo reto como el
nuestro?
Te estamos esperando!
https://www.youtube.com/watch?v=JJVLc3JtdsA

En Randstad Technologies estamos enfocados en ayudarte a encontrar el puesto de trabajo que mejor se adapte a ti y a tus expectativas.
Sabemos que los perfiles profesionales IT son unos de los m√°s demandados en el mercado laboral actual. Randstad Technologies somos una divisi√≥n encargada de la selecci√≥n profesional y especializada de perfiles IT tanto para su contrataci√≥n directa como para su contrataci√≥n temporal.
Usamos nuestra propia metodolog√≠a de an√°lisis y selecci√≥n que nos permite garantizarte un puesto de trabajo 100% ajustado a tu perfil profesional.
Adem√°s estamos siempre cerca de ti, realizamos un seguimiento personalizado de tu incorporaci√≥n para facilitarte la adaptaci√≥n a tu nuevo puesto de trabajo. Y hacemos uso de nuestra tecnolog√≠a para brindarte una experiencia excelente en tu b√∫squeda de empleo, proceso de selecci√≥n y como trabajador.
¬øA qu√© est√°s esperando?
Ap√∫ntate a nuestras ofertas y encuentra el empleo que buscas.

Randstad es el l√≠der mundial en el sector de los servicios de RR.HH. Ayudamos a las personas y a las organizaciones a desarrollar su verdadero potencial combinando el poder de la tecnolog√≠a actual con nuestra pasi√≥n por las personas. Lo llamamos Human Forward.
#somosRSC
En Randstad promovemos la equidad de oportunidades laborales a trav√©s de equipos diversos e inclusivos. Por ello, en nuestros procesos, garantizamos la inserci√≥n de todas las personas independientemente de su condici√≥n personal, g√©nero, orientaci√≥n sexual, etnia, cultura, edad, religi√≥n o discapacidad.",,Hybrid,"Microsoft Power BI, MySQL, Capacidad de an√°lisis, and Inteligencia empresarial",Full-time ¬∑ Associate
